<?xml version="1.0" encoding="UTF-8"?>
<beans xmlns="http://www.springframework.org/schema/beans"
       xmlns:xsi="http://www.w3.org/2001/XMLSchema-instance"
       xmlns:context="http://www.springframework.org/schema/context"
       xmlns:mvc="http://www.springframework.org/schema/mvc"
       xmlns:aop="http://www.springframework.org/schema/aop"
       xsi:schemaLocation="http://www.springframework.org/schema/beans
       http://www.springframework.org/schema/beans/spring-beans.xsd
       http://www.springframework.org/schema/context
        https://www.springframework.org/schema/context/spring-context.xsd
        http://www.springframework.org/schema/mvc
        http://www.springframework.org/schema/mvc/spring-mvc.xsd
http://www.springframework.org/schema/aop
http://www.springframework.org/schema/spring-aop.xsd ">

    <!--上下文处理，spring 全局配置文件，用来控制spring 特性的-->


    <!-- 指定需要扫描的包（包括子包），使注解生效。dao包在mybatis-spring组件中已经扫描，这里不在需要扫描 -->

    <!--扫描注解，就无需自己装配,测试时可在此处扫描进行底层测试,正常项目会在dispatcher-servlet中进行扫描-->
    <context:component-scan base-package="com.lyf.service,com.lyf.dao"/>


    <!--mybatis-->
    <!--扫描db-->
    <context:property-placeholder location="classpath:database.properties"/>

    <!--配置数据源在dbcp中 driver、url、pwd、user-->
    <bean id="dataSource" class="org.apache.commons.dbcp.BasicDataSource">
        <property name="driverClassName" value="${jdbc.driver}"/>
        <property name="url" value="${jdbc.url}"/>
        <property name="username" value="${jdbc.username}"/>
        <property name="password" value="${jdbc.password}"/>
    </bean>

    <!--整合Mybatis工厂,便于操作-->

    <bean id="sqlSessionFactory" class="org.mybatis.spring.SqlSessionFactoryBean">

        <property name="dataSource" ref="dataSource"/>
        <!-- configLocation的属性值为Mybatis的核心配置文件 -->
        <!--config文件配置包扫描（mapper的位置）-->
        <!--               <property name="Configuration" value="classpath:mybatis-config"/>-->

        <!-- xml配置文件位置 -->
        <property name="mapperLocations" value="com/lyf/dao/xml/*.xml"/>

    </bean>

    <!-- 扫描mapper接口类并使接口类与xml文件关联 -->
    <bean id="mapperScannerConfigurer" class="org.mybatis.spring.mapper.MapperScannerConfigurer">
        <!-- 指定接口类存放位置 -->
        <property name="basePackage" value="com.lyf.dao"/>
    </bean>

    <!-- Mapper代理开发，使用Spring自动扫描Mybatis的接口并装配 -->

    <!--       <bean class="org.mybatis.spring.mapper.MapperScannerConfigurer">-->
    <!--              &lt;!&ndash;dao的位置，service和controller后面再配置&ndash;&gt;-->
    <!--              <property name="basePackage" value="com.lyf.dao.mapper"/>-->

    <!--              &lt;!&ndash;sqlSessionFactory 代替 jdbcTemplate&ndash;&gt;-->
    <!--              <property name="sqlSessionFactoryBeanName" value="sqlSessionFactory"/>-->
    <!--       </bean>-->

    <bean id="JdbcTemplate" class="org.springframework.jdbc.core.JdbcTemplate">
        <property name="dataSource" ref="dataSource"/>
    </bean>

    <!--整合Redis,为了避免此文件过大，将redis配置单独放一个文件-->
<!--    <import resource="classpath:redis-config.xml"/>-->

</beans>